,index,Weight
0,skin,552.1067652334531
1,product,380.2498430498319
2,acne,331.01993843054487
3,help,307.87320596883814
4,routine,273.3024392897159
5,face,259.5215214237302
6,sunscreen,185.62345665498054
7,concern,180.14626156609535
8,cream,174.4158524383152
9,skin concern,171.99289749504737
10,dry,162.18292381991972
11,skincare,158.5229867672532
12,mask,156.36252085346908
13,cleanser,151.89230222311718
14,day,149.36901067955816
15,moisturizer,146.39190088109075
16,review,142.03055298479808
17,oil,138.45275451713164
18,eye,132.92069989466074
19,haul,122.39446269574282
20,routine help,117.3598930147712
21,acid,115.8884732702843
22,serum,108.30340612004416
23,makeup,106.53422445823136
24,red,106.29960334908485
25,oily,106.17741580989524
26,spot,105.6129526432035
27,beauty,102.87499825876077
28,product question,102.25434713174124
29,scar,101.55426065784745
30,pimple,100.94546072925603
31,advice,97.55339585288425
32,wash,97.38628193096534
33,cerave,94.53960316100284
34,lip,92.36901930424062
35,bump,91.95648950430616
36,toner,91.58770263822987
37,ab,90.65382585954545
38,pore,89.29682356663749
39,hair,86.78509062650086
40,nose,86.04092814335806
41,recommendation,85.76762302057801
42,night,84.48709672198947
43,experience,81.26784196075243
44,cleanse,80.98111970022273
45,dark,80.12830821898004
46,forehead,80.04334512317513
47,gel,79.79572001493487
48,guy,79.25694643898682
49,brand,78.56253798177346
50,lotion,77.76383794962523
51,sun,76.72660269256029
52,c,76.30072642933474
53,treatment,76.13028492033719
54,body,75.36480459460194
55,way,75.32147607985452
